category,title,creator,publication_year,description
movie,Fright,Austen Balmann,1988,et commodo vulputate justo in blandit ultrices enim lorem ipsum dolor sit amet consectetuer adipiscing elit proin
movie,"Cube of Sugar, A (Ye Habe Ghand)",Audre Rash,1995,rhoncus aliquet pulvinar sed nisl nunc rhoncus dui vel sem sed sagittis nam congue risus semper porta
movie,Map of the Human Heart,Tulley Warboys,2006,justo in blandit ultrices enim lorem ipsum dolor sit amet consectetuer adipiscing elit proin interdum mauris non ligula pellentesque ultrices
movie,"Monster Walks, The",Pate Urpeth,1984,suscipit ligula in lacus curabitur at ipsum ac tellus semper interdum mauris ullamcorper purus sit amet nulla
movie,"Boy Who Could Fly, The",Pia Klesel,1992,blandit non interdum in ante vestibulum ante ipsum primis in
movie,101 Dalmatians II: Patch's London Adventure,Carmina Hens,1992,odio cras mi pede malesuada in imperdiet et commodo vulputate justo in blandit ultrices enim lorem ipsum dolor
movie,"Terrace, The (Terrazza, La)",Elspeth Corriea,2012,id ligula suspendisse ornare consequat lectus in est risus auctor sed tristique in tempus sit amet sem
movie,Spinout,Gilburt Hancorn,2003,at nulla suspendisse potenti cras in purus eu magna vulputate luctus cum sociis natoque penatibus et magnis dis parturient
movie,Seitsemän veljestä,Delmor Lavall,2008,sagittis sapien cum sociis natoque penatibus et magnis dis parturient montes nascetur ridiculus
movie,Johnny Express,Cordie Durn,2002,nulla nunc purus phasellus in felis donec semper sapien a libero nam dui proin leo odio porttitor
movie,"Big Bird Cage, The",Maxie Bernakiewicz,2004,faucibus orci luctus et ultrices posuere cubilia curae duis faucibus accumsan odio curabitur convallis
movie,Straight to Hell,Amelia Highway,2002,nulla dapibus dolor vel est donec odio justo sollicitudin ut suscipit a feugiat et eros
movie,Captain Kidd,Loella Charpin,1991,mauris ullamcorper purus sit amet nulla quisque arcu libero rutrum ac
movie,Feet First,Myrtice Conrath,1994,pede justo eu massa donec dapibus duis at velit eu est congue
movie,Louis Cyr: The Strongest Man in the World,Louie Batham,2007,sed vestibulum sit amet cursus id turpis integer aliquet massa id lobortis convallis
book,Urban Justice,Saxe Barriball,1986,sit amet consectetuer adipiscing elit proin risus praesent lectus vestibulum quam sapien varius ut blandit
book,Chisum,Salomon Hadland,1992,duis bibendum felis sed interdum venenatis turpis enim blandit mi in porttitor pede justo eu massa donec dapibus
book,Flightplan,Perren Wilshire,2010,nisl ut volutpat sapien arcu sed augue aliquam erat volutpat in congue etiam justo etiam pretium
book,Amazing Grace and Chuck,Bendicty Fearnyhough,1992,est phasellus sit amet erat nulla tempus vivamus in felis eu sapien cursus vestibulum proin eu mi nulla ac
book,"Visitor, The (Muukalainen)",Joey Dufaire,2004,nullam varius nulla facilisi cras non velit nec nisi vulputate nonummy maecenas tincidunt lacus at velit vivamus vel
book,Hi-Yo Silver,Fairfax Zapatero,2003,turpis adipiscing lorem vitae mattis nibh ligula nec sem duis aliquam convallis nunc proin at
book,Double Trouble,Joyous Rubes,1996,lectus pellentesque eget nunc donec quis orci eget orci vehicula condimentum curabitur in libero ut massa
book,Once Upon a Time (Der var engang),Lucho Mellhuish,2013,blandit nam nulla integer pede justo lacinia eget tincidunt eget tempus vel pede morbi porttitor lorem id ligula suspendisse ornare
book,All the Light in the Sky,Carling Faragher,2005,vitae nisi nam ultrices libero non mattis pulvinar nulla pede ullamcorper augue a suscipit nulla
book,Captain January,Ernie Samudio,2010,quam a odio in hac habitasse platea dictumst maecenas ut massa quis augue
book,Meth,Reinold Liveing,2010,faucibus cursus urna ut tellus nulla ut erat id mauris vulputate elementum nullam varius nulla facilisi cras non
book,"Flying Scotsman, The",Nonna MacCarroll,1993,ipsum dolor sit amet consectetuer adipiscing elit proin risus praesent lectus vestibulum quam sapien varius ut blandit non interdum in
book,"Bell Boy, The",Marian Napper,1998,nibh fusce lacus purus aliquet at feugiat non pretium quis lectus suspendisse potenti in eleifend quam a
book,Nicholas on Holiday,Torrey Heiton,2005,bibendum imperdiet nullam orci pede venenatis non sodales sed tincidunt eu felis fusce posuere felis sed
book,Passion Play,Ilario Arnould,1999,lectus in quam fringilla rhoncus mauris enim leo rhoncus sed vestibulum sit amet cursus id
book,Mentor,Payton Simenel,2009,congue eget semper rutrum nulla nunc purus phasellus in felis donec semper sapien a libero nam dui
album,"Black Stallion, The",Karena Falshaw,1991,sapien placerat ante nulla justo aliquam quis turpis eget elit sodales scelerisque mauris sit amet eros
album,Carefree,Gun Jerman,1999,quam turpis adipiscing lorem vitae mattis nibh ligula nec sem duis aliquam
album,White Mane (Crin blanc: Le cheval sauvage),Cosetta Wippermann,1992,dictumst maecenas ut massa quis augue luctus tincidunt nulla mollis molestie lorem quisque ut erat
album,Latitude Zero (Ido zero daisakusen),Fred Christoffels,2010,nulla ac enim in tempor turpis nec euismod scelerisque quam turpis adipiscing lorem vitae
album,Aspen,Minnnie Dunnan,1993,et commodo vulputate justo in blandit ultrices enim lorem ipsum dolor sit amet consectetuer adipiscing elit
album,Ciao Bella,Yvor Escoffrey,2012,vivamus metus arcu adipiscing molestie hendrerit at vulputate vitae nisl aenean lectus pellentesque eget nunc donec quis orci eget orci
album,It Came from Outer Space,Sashenka Ruddock,2010,nullam sit amet turpis elementum ligula vehicula consequat morbi a ipsum integer a nibh in quis justo maecenas
album,"No God, No Master",Drew Ahrenius,1993,enim sit amet nunc viverra dapibus nulla suscipit ligula in lacus curabitur at ipsum ac tellus
album,Pawn,Bert Trice,2010,rutrum at lorem integer tincidunt ante vel ipsum praesent blandit lacinia erat vestibulum sed magna at nunc commodo
album,"Late Show, The",Jerrine Sancroft,1996,nibh ligula nec sem duis aliquam convallis nunc proin at turpis
album,Cosi,Kendal Forsbey,2003,magna vulputate luctus cum sociis natoque penatibus et magnis dis parturient montes nascetur ridiculus mus vivamus vestibulum sagittis sapien cum
album,Jalla! Jalla!,Farleigh Rouge,2000,rutrum neque aenean auctor gravida sem praesent id massa id nisl venenatis lacinia aenean sit amet justo
album,Godzilla's Revenge (Gojira-Minira-Gabara: Oru Kaijû Daishingeki) (All Monsters Attack),Webster Lyptrade,2012,ac consequat metus sapien ut nunc vestibulum ante ipsum primis in faucibus orci luctus et ultrices posuere cubilia curae mauris
album,Boom Town,Mable Ollive,2010,augue vel accumsan tellus nisi eu orci mauris lacinia sapien quis libero nullam sit amet
